janaj,2023-12-30,5
janaj,2023-10-30,3
janaj,2024-05-30,1
janaj,2024-05-31,1
janaj,2024-03-23,3
janaj,2024-05-04,2
janaj,2024-05-18,1
janaj,2024-06-06,5
janaj,2024-06-06,4
janaj,2023-09-29,2
janaj,2023-08-25,4
janaj,2023-08-23,1
janaj,2023-11-23,4
janaj,2023-12-05,1
kostak,2023-11-10,3
kostak,2024-05-25,2
kostak,2023-09-08,3
kostak,2024-01-24,2
kostak,2024-01-23,1
kostak,2024-05-19,3
kostak,2024-01-04,3
kostak,2024-02-18,5
kostak,2023-08-04,4
kostak,2024-05-09,1
kostak,2023-09-23,1
kostak,2023-12-13,2
kostak,2023-10-14,4
marijam,2024-05-29,2
marijam,2024-01-12,1
marijam,2024-02-05,2
marijam,2024-05-27,2
marijam,2023-09-18,2
marijam,2023-10-23,2
marijam,2023-10-23,5
marijam,2023-11-23,1
marijam,2023-12-26,4
marijam,2023-10-26,2
marijam,2024-05-15,3
marijam,2024-02-23,2
